room_type,frequency
Entire home/apt,0.7692691693290735
Hotel room,0.01807108626198083
Private room,0.20916533546325877
Shared room,0.003494408945686901
