instant_bookable,frequency
f,0.3865814696485623
t,0.6134185303514377
